駅番号,駅名,東経,北緯
9,直江津,138.242039,37.1702506
8,柏崎,138.5562887,37.3637096
10,宮内,138.8402313,37.4220999
7,東三条,138.9736524,37.6285143
4,新津,139.1212473,37.8004686
2,新発田,139.3350935,37.9440569
3,新潟,139.0617442,37.91209
5,吉田,138.8786033,37.6871131
8,柏崎,138.5562887,37.3637096
